{"cameraMode":{"drawMode":0,"name":"Shaded","section":"Shading Mode"},"sceneLighting":true,"audioPlay":false,"sceneViewState":{"showFog":false,"showMaterialUpdate":false,"showSkybox":false,"showFlares":false,"showImageEffects":false,"showParticleSystems":true},"in2DMode":false,"pivot":{"x":45.367225646972659,"y":27.010820388793947,"z":113.1275634765625},"rotation":{"x":-0.1661948412656784,"y":-0.1236150935292244,"z":0.021006857976317407,"w":-0.978093147277832},"size":25.598045349121095,"orthographic":false}