{"cameraMode":{"drawMode":0,"name":"Shaded","section":"Shading Mode"},"sceneLighting":true,"audioPlay":false,"sceneViewState":{"showFog":false,"showMaterialUpdate":false,"showSkybox":false,"showFlares":false,"showImageEffects":false,"showParticleSystems":true},"in2DMode":false,"pivot":{"x":45.60722351074219,"y":19.426593780517579,"z":109.11997985839844},"rotation":{"x":0.17333579063415528,"y":-0.7740796208381653,"z":0.239726260304451,"w":0.5597975850105286},"size":3.886556386947632,"orthographic":false}