{"cameraMode":{"drawMode":0,"name":"Shaded","section":"Shading Mode"},"sceneLighting":true,"audioPlay":false,"sceneViewState":{"showFog":false,"showMaterialUpdate":false,"showSkybox":false,"showFlares":false,"showImageEffects":false,"showParticleSystems":true},"in2DMode":false,"pivot":{"x":126.4910659790039,"y":13.952371597290039,"z":126.75},"rotation":{"x":-0.35523170232772829,"y":0.026869196444749833,"z":-0.010307702235877514,"w":-0.9343711733818054},"size":183.54591369628907,"orthographic":false}