{"cameraMode":{"drawMode":0,"name":"Shaded","section":"Shading Mode"},"sceneLighting":true,"audioPlay":false,"sceneViewState":{"showFog":false,"showMaterialUpdate":false,"showSkybox":false,"showFlares":false,"showImageEffects":false,"showParticleSystems":true},"in2DMode":false,"pivot":{"x":212.7011260986328,"y":20.534563064575197,"z":42.88188552856445},"rotation":{"x":0.16133347153663636,"y":0.6794930696487427,"z":-0.15667906403541566,"w":0.6985175013542175},"size":3.1327037811279299,"orthographic":false}