{"cameraMode":{"drawMode":0,"name":"Shaded","section":"Shading Mode"},"sceneLighting":true,"audioPlay":false,"sceneViewState":{"showFog":false,"showMaterialUpdate":false,"showSkybox":false,"showFlares":false,"showImageEffects":false,"showParticleSystems":true},"in2DMode":false,"pivot":{"x":56.25104904174805,"y":-604.224853515625,"z":254.2493133544922},"rotation":{"x":-0.5535213351249695,"y":-0.22607927024364472,"z":0.15930123627185822,"w":-0.785578191280365},"size":3.7770862579345705,"orthographic":false}