{"cameraMode":{"drawMode":0,"name":"Shaded","section":"Shading Mode"},"sceneLighting":false,"audioPlay":false,"sceneViewState":{"showFog":false,"showMaterialUpdate":false,"showSkybox":false,"showFlares":false,"showImageEffects":false,"showParticleSystems":true},"in2DMode":false,"pivot":{"x":1.1850218772888184,"y":0.7971296310424805,"z":-0.4576301574707031},"rotation":{"x":-0.07724687457084656,"y":0.772204577922821,"z":-0.09572040289640427,"w":-0.6234299540519714},"size":5.7157673835754398,"orthographic":false}