{"cameraMode":{"drawMode":0,"name":"Shaded","section":"Shading Mode"},"sceneLighting":true,"audioPlay":false,"sceneViewState":{"showFog":false,"showMaterialUpdate":false,"showSkybox":false,"showFlares":false,"showImageEffects":false,"showParticleSystems":true},"in2DMode":false,"pivot":{"x":28.100000381469728,"y":20.450000762939454,"z":112.6500015258789},"rotation":{"x":-0.13564708828926087,"y":0.8570914268493652,"z":-0.40646156668663027,"w":-0.28614214062690737},"size":2.7553064823150636,"orthographic":false}