{"cameraMode":{"drawMode":0,"name":"Shaded","section":"Shading Mode"},"sceneLighting":false,"audioPlay":false,"sceneViewState":{"showFog":false,"showMaterialUpdate":false,"showSkybox":false,"showFlares":false,"showImageEffects":false,"showParticleSystems":true},"in2DMode":false,"pivot":{"x":50.0,"y":20.450000762939454,"z":109.3499984741211},"rotation":{"x":0.16133347153663636,"y":0.6794930696487427,"z":-0.15667906403541566,"w":0.6985175013542175},"size":2.7553045749664308,"orthographic":false}