{"cameraMode":{"drawMode":0,"name":"Shaded","section":"Shading Mode"},"sceneLighting":true,"audioPlay":false,"sceneViewState":{"showFog":false,"showMaterialUpdate":false,"showSkybox":false,"showFlares":false,"showImageEffects":false,"showParticleSystems":true},"in2DMode":false,"pivot":{"x":45.000267028808597,"y":20.317276000976564,"z":108.99689483642578},"rotation":{"x":-0.04001511260867119,"y":0.9579521417617798,"z":-0.16724756360054017,"w":-0.2301427572965622},"size":1.6328518390655518,"orthographic":false}